{
    "mean_sim_zsre": 0.6823643445968628,
    "mean_sim_hallucination": 0.5877695679664612,
    "mean_sim_cross": 0.442263662815094
}