{
    "total_time": 18.492269277572632,
    "avg_time_per_edit": 1.8492269277572633,
    "max_gpu_memory_allocated_gb": 15.148573875427246,
    "gpu_memory_reserved_gb": 15.375
}