{
    "total_time": 19.13699245452881,
    "avg_time_per_edit": 1.913699245452881,
    "max_gpu_memory_allocated_gb": 15.173967361450195,
    "gpu_memory_reserved_gb": 15.658203125
}