{
    "total_time": 17.895638704299927,
    "avg_time_per_edit": 1.7895638704299928,
    "max_gpu_memory_allocated_gb": 15.191546440124512,
    "gpu_memory_reserved_gb": 15.537109375
}