{
    "total_time": 19.14241099357605,
    "avg_time_per_edit": 1.914241099357605,
    "max_gpu_memory_allocated_gb": 15.208394527435303,
    "gpu_memory_reserved_gb": 15.94140625
}