{
    "total_time": 164.95885968208313,
    "avg_time_per_edit": 16.495885968208313,
    "max_gpu_memory_allocated_gb": 14.869371891021729,
    "gpu_memory_reserved_gb": 15.927734375
}