{
    "total_time": 220.72900223731995,
    "avg_time_per_edit": 22.072900223731995,
    "max_gpu_memory_allocated_gb": 15.452299118041992,
    "gpu_memory_reserved_gb": 16.26953125
}