{
    "total_time": 220.82893633842468,
    "avg_time_per_edit": 22.082893633842467,
    "max_gpu_memory_allocated_gb": 14.804286003112793,
    "gpu_memory_reserved_gb": 15.85546875
}