{
    "total_time": 120.58450603485107,
    "avg_time_per_edit": 12.058450603485108,
    "max_gpu_memory_allocated_gb": 21.074617385864258,
    "gpu_memory_reserved_gb": 21.453125
}