{
    "total_time": 78.32165932655334,
    "avg_time_per_edit": 7.832165932655334,
    "max_gpu_memory_allocated_gb": 18.861302375793457,
    "gpu_memory_reserved_gb": 17.1875
}