{
    "total_time": 94.04952430725098,
    "avg_time_per_edit": 9.404952430725098,
    "max_gpu_memory_allocated_gb": 19.300168991088867,
    "gpu_memory_reserved_gb": 19.814453125
}